{"cameraMode":{"drawMode":0,"name":"Shaded","section":"Shading Mode"},"sceneLighting":true,"audioPlay":false,"sceneViewState":{"m_AlwaysRefresh":false,"showFog":false,"showSkybox":true,"showFlares":true,"showImageEffects":true,"showParticleSystems":true,"showVisualEffectGraphs":true,"m_FxEnabled":true},"in2DMode":false,"pivot":{"x":-0.642316997051239,"y":-0.2136077880859375,"z":-10.140060424804688},"rotation":{"x":0.29867634177207949,"y":-0.0014361379435285926,"z":0.0004471954016480595,"w":0.9543423056602478},"size":14.400020599365235,"orthographic":false}