{"cameraMode":{"drawMode":0,"name":"Shaded","section":"Shading Mode"},"sceneLighting":false,"audioPlay":false,"sceneViewState":{"m_AlwaysRefresh":false,"showFog":false,"showSkybox":false,"showFlares":true,"showImageEffects":true,"showParticleSystems":true,"showVisualEffectGraphs":true,"m_FxEnabled":true},"in2DMode":false,"pivot":{"x":0.285380095243454,"y":-1.2883658409118653,"z":31.426654815673829},"rotation":{"x":0.027302216738462449,"y":0.014990221709012986,"z":-0.000407543673645705,"w":0.9995064735412598},"size":18.15283203125,"orthographic":false}